timestamp_utc,players
2026-01-17T23:13:11Z,233506
2026-01-17T23:15:03Z,233218
2026-01-17T23:18:32Z,232567
2026-01-17T23:20:02Z,232431
2026-01-17T23:25:03Z,232172
2026-01-17T23:30:02Z,231501
2026-01-17T23:35:02Z,230183
2026-01-17T23:38:22Z,229806
2026-01-17T23:40:03Z,229555
2026-01-17T23:45:02Z,229086
2026-01-17T23:50:03Z,228413
2026-01-17T23:55:02Z,228111
2026-01-18T00:00:07Z,225977
2026-01-18T00:05:02Z,225199
2026-01-18T00:10:02Z,224662
2026-01-18T00:15:02Z,224062
2026-01-18T00:20:03Z,223883
2026-01-18T00:25:03Z,223386
2026-01-18T00:30:03Z,222897
2026-01-18T00:35:02Z,222265
2026-01-18T00:40:02Z,221472
2026-01-18T00:45:02Z,221272
2026-01-18T00:50:02Z,221326
2026-01-18T00:55:02Z,221095
2026-01-18T01:00:03Z,220611
2026-01-18T01:05:02Z,220338
2026-01-18T01:10:03Z,220412
2026-01-18T01:15:03Z,220019
2026-01-18T01:20:03Z,220018
2026-01-18T01:25:02Z,220115
2026-01-18T01:30:03Z,220428
2026-01-18T01:35:03Z,220557
2026-01-18T01:40:03Z,221280
2026-01-18T01:45:02Z,221852
2026-01-18T01:50:03Z,222186
2026-01-18T01:55:03Z,222451
2026-01-18T02:00:02Z,222819
2026-01-18T02:05:02Z,223302
2026-01-18T02:10:02Z,223334
2026-01-18T02:15:03Z,223895
2026-01-18T02:20:03Z,223701
2026-01-18T02:25:02Z,223635
2026-01-18T02:30:02Z,223393
2026-01-18T02:35:02Z,223195
2026-01-18T02:40:02Z,223288
2026-01-18T02:45:03Z,223255
2026-01-18T02:50:02Z,223045
2026-01-18T02:55:03Z,222748
2026-01-18T03:00:03Z,222194
2026-01-18T03:05:02Z,221849
2026-01-18T03:10:03Z,221648
2026-01-18T03:15:03Z,221579
2026-01-18T03:20:03Z,221517
2026-01-18T03:25:02Z,221341
2026-01-18T03:30:02Z,220968
2026-01-18T03:35:02Z,220751
2026-01-18T03:40:02Z,220353
2026-01-18T03:45:02Z,219873
2026-01-18T03:50:03Z,219288
2026-01-18T03:55:03Z,218576
2026-01-18T04:00:02Z,218103
2026-01-18T04:05:03Z,217266
2026-01-18T04:10:03Z,216791
2026-01-18T04:15:02Z,215745
2026-01-18T04:20:02Z,214721
2026-01-18T04:25:03Z,214037
2026-01-18T04:30:03Z,213206
2026-01-18T04:35:03Z,211966
2026-01-18T04:40:03Z,211314
2026-01-18T04:45:02Z,210212
2026-01-18T04:50:02Z,209388
2026-01-18T04:55:02Z,208584
2026-01-18T05:00:02Z,207556
2026-01-18T05:05:03Z,206395
2026-01-18T05:10:03Z,204682
2026-01-18T05:15:02Z,203444
2026-01-18T05:20:02Z,202395
2026-01-18T05:25:03Z,201259
2026-01-18T05:30:03Z,200322
2026-01-18T05:35:02Z,199332
2026-01-18T05:40:02Z,198066
2026-01-18T05:45:02Z,196877
2026-01-18T05:50:03Z,195886
2026-01-18T05:55:03Z,195005
2026-01-18T06:00:03Z,193565
2026-01-18T06:05:02Z,192293
2026-01-18T06:10:02Z,191368
2026-01-18T06:15:03Z,190638
2026-01-18T06:20:02Z,189502
2026-01-18T06:25:03Z,188608
2026-01-18T06:30:02Z,187249
2026-01-18T06:35:03Z,186007
2026-01-18T06:40:03Z,184994
2026-01-18T06:45:02Z,183960
2026-01-18T06:50:03Z,182610
2026-01-18T06:55:03Z,181419
2026-01-18T07:00:02Z,180638
2026-01-18T07:05:02Z,179433
2026-01-18T07:10:02Z,178448
2026-01-18T07:15:02Z,177458
2026-01-18T07:20:03Z,176579
2026-01-18T07:25:03Z,175566
2026-01-18T07:30:03Z,174736
2026-01-18T07:35:03Z,174015
2026-01-18T07:40:02Z,173178
2026-01-18T07:45:02Z,172752
2026-01-18T07:50:02Z,172321
2026-01-18T07:55:02Z,171716
2026-01-18T08:00:03Z,170838
2026-01-18T08:05:03Z,170007
2026-01-18T08:10:03Z,169346
2026-01-18T08:15:02Z,169068
2026-01-18T08:20:02Z,167991
2026-01-18T08:25:02Z,167613
2026-01-18T08:30:02Z,167105
2026-01-18T08:35:02Z,167213
2026-01-18T08:40:02Z,167146
2026-01-18T08:45:03Z,167135
2026-01-18T08:50:03Z,167347
2026-01-18T08:55:02Z,167166
2026-01-18T09:00:02Z,166979
2026-01-18T09:05:02Z,166662
2026-01-18T09:10:02Z,167160
2026-01-18T09:15:03Z,167422
2026-01-18T09:20:03Z,167560
2026-01-18T09:25:03Z,167604
2026-01-18T09:30:02Z,167414
2026-01-18T09:35:03Z,167518
2026-01-18T09:40:02Z,167821
2026-01-18T09:45:02Z,167985
2026-01-18T09:50:02Z,168426
2026-01-18T09:55:02Z,168758
2026-01-18T10:00:03Z,168974
2026-01-18T10:05:03Z,169243
2026-01-18T10:10:02Z,168901
2026-01-18T10:15:02Z,168726
2026-01-18T10:20:02Z,168638
2026-01-18T10:25:04Z,169009
2026-01-18T10:30:03Z,169316
2026-01-18T10:35:02Z,169659
2026-01-18T10:40:02Z,169729
2026-01-18T10:45:03Z,169983
2026-01-18T10:50:03Z,170176
2026-01-18T10:55:02Z,170392
2026-01-18T11:00:02Z,170225
2026-01-18T11:05:02Z,170522
2026-01-18T11:10:03Z,170296
2026-01-18T11:15:03Z,169793
2026-01-18T11:20:02Z,170530
2026-01-18T11:25:02Z,170950
2026-01-18T11:30:03Z,171559
2026-01-18T11:35:03Z,171871
2026-01-18T11:40:03Z,172485
2026-01-18T11:45:02Z,173325
2026-01-18T11:50:02Z,173661
2026-01-18T11:55:02Z,173746
2026-01-18T12:00:03Z,174121
2026-01-18T12:05:02Z,174545
2026-01-18T12:10:02Z,175149
2026-01-18T12:15:03Z,175313
2026-01-18T12:20:03Z,175848
2026-01-18T12:25:02Z,176298
2026-01-18T12:30:03Z,176745
2026-01-18T12:35:03Z,177220
2026-01-18T12:40:02Z,177839
2026-01-18T12:45:02Z,178367
2026-01-18T12:50:02Z,179053
2026-01-18T12:55:02Z,179631
2026-01-18T13:00:03Z,180299
2026-01-18T13:05:03Z,180793
2026-01-18T13:10:02Z,180961
2026-01-18T13:15:02Z,182136
2026-01-18T13:20:03Z,182814
2026-01-18T13:25:02Z,184074
2026-01-18T13:30:03Z,184904
2026-01-18T13:35:02Z,185856
2026-01-18T13:40:03Z,185336
2026-01-18T13:45:02Z,186710
2026-01-18T13:50:02Z,187773
2026-01-18T13:55:03Z,188920
2026-01-18T14:00:03Z,190053
2026-01-18T14:05:03Z,190798
2026-01-18T14:10:03Z,191737
2026-01-18T14:15:04Z,193009
2026-01-18T14:20:03Z,194622
2026-01-18T14:25:03Z,196048
2026-01-18T14:30:03Z,197400
2026-01-18T14:35:02Z,197824
2026-01-18T14:40:03Z,199043
2026-01-18T14:45:02Z,200032
2026-01-18T14:50:02Z,200434
2026-01-18T14:55:02Z,201832
2026-01-18T15:00:02Z,202550
2026-01-18T15:05:03Z,203611
2026-01-18T15:10:03Z,205173
2026-01-18T15:15:02Z,206509
2026-01-18T15:20:03Z,207857
2026-01-18T15:25:03Z,208929
2026-01-18T15:30:03Z,209952
2026-01-18T15:35:02Z,211389
2026-01-18T15:40:02Z,212348
2026-01-18T15:45:03Z,213613
2026-01-18T15:50:03Z,215024
2026-01-18T15:55:03Z,216024
2026-01-18T16:00:03Z,217411
2026-01-18T16:05:03Z,218190
2026-01-18T16:10:02Z,219054
2026-01-18T16:15:03Z,219806
2026-01-18T16:20:02Z,220605
2026-01-18T16:25:03Z,221424
2026-01-18T16:30:03Z,221946
2026-01-18T16:35:03Z,223027
2026-01-18T16:40:02Z,224323
2026-01-18T16:45:02Z,224908
2026-01-18T16:50:02Z,225419
2026-01-18T16:55:03Z,226467
2026-01-18T17:00:03Z,227053
2026-01-18T17:05:03Z,227992
2026-01-18T17:10:02Z,229259
2026-01-18T17:15:02Z,230189
2026-01-18T17:20:03Z,231224
2026-01-18T17:25:03Z,232228
2026-01-18T17:30:02Z,232956
2026-01-18T17:35:02Z,234176
2026-01-18T17:40:02Z,234868
2026-01-18T17:45:03Z,236339
2026-01-18T17:50:03Z,237401
2026-01-18T17:55:02Z,238734
2026-01-18T18:00:02Z,239603
2026-01-18T18:05:02Z,240641
2026-01-18T18:10:03Z,241574
2026-01-18T18:15:02Z,242353
2026-01-18T18:20:03Z,243084
2026-01-18T18:25:02Z,244074
2026-01-18T18:30:04Z,245014
2026-01-18T18:35:03Z,246178
2026-01-18T18:40:02Z,247087
2026-01-18T18:45:02Z,248483
2026-01-18T18:50:03Z,249319
2026-01-18T18:55:02Z,250305
2026-01-18T19:00:02Z,250720
2026-01-18T19:05:02Z,251207
2026-01-18T19:10:03Z,251756
2026-01-18T19:15:03Z,252581
2026-01-18T19:20:02Z,253140
2026-01-18T19:25:02Z,253027
2026-01-18T19:30:02Z,254154
2026-01-18T19:35:02Z,255282
2026-01-18T19:40:02Z,255719
2026-01-18T19:45:03Z,256536
2026-01-18T19:50:02Z,256774
2026-01-18T19:55:02Z,256932
2026-01-18T20:00:02Z,257543
2026-01-18T20:05:03Z,257988
2026-01-18T20:10:02Z,258792
2026-01-18T20:15:02Z,259162
2026-01-18T20:20:02Z,258442
2026-01-18T20:25:02Z,258964
2026-01-18T20:30:03Z,259082
2026-01-18T20:35:03Z,259219
2026-01-18T20:40:03Z,259450
2026-01-18T20:45:02Z,259421
2026-01-18T20:50:02Z,259549
2026-01-18T20:55:03Z,259470
2026-01-18T21:00:02Z,259024
2026-01-18T21:05:02Z,258243
2026-01-18T21:10:02Z,258072
2026-01-18T21:15:03Z,257697
2026-01-18T21:20:02Z,257077
2026-01-18T21:25:02Z,256840
2026-01-18T21:30:03Z,256396
2026-01-18T21:35:02Z,255915
2026-01-18T21:40:02Z,255178
2026-01-18T21:45:02Z,254298
2026-01-18T21:50:02Z,253644
2026-01-18T21:55:03Z,252951
2026-01-18T22:00:03Z,252094
2026-01-18T22:05:02Z,251067
2026-01-18T22:10:02Z,250164
2026-01-18T22:15:02Z,248920
2026-01-18T22:20:02Z,248089
2026-01-18T22:25:03Z,246928
2026-01-18T22:30:03Z,245226
2026-01-18T22:35:03Z,243989
2026-01-18T22:40:03Z,242471
2026-01-18T22:45:03Z,241702
2026-01-18T22:50:03Z,240910
2026-01-18T22:55:03Z,240073
2026-01-18T23:00:02Z,239275
2026-01-18T23:05:02Z,238206
2026-01-18T23:10:02Z,237188
2026-01-18T23:15:02Z,235961
2026-01-18T23:20:02Z,234396
2026-01-18T23:25:02Z,233633
2026-01-18T23:30:02Z,233232
2026-01-18T23:35:02Z,231279
2026-01-18T23:40:03Z,230484
2026-01-18T23:45:03Z,229838
2026-01-18T23:50:03Z,230006
2026-01-18T23:55:02Z,229624
2026-01-19T00:00:03Z,229209
2026-01-19T00:05:02Z,229103
2026-01-19T00:10:03Z,227891
2026-01-19T00:15:02Z,228019
2026-01-19T00:20:02Z,227961
2026-01-19T00:25:02Z,227763
2026-01-19T00:30:03Z,227242
2026-01-19T00:35:04Z,227065
2026-01-19T00:40:03Z,227430
2026-01-19T00:45:02Z,227386
2026-01-19T00:50:02Z,227702
2026-01-19T00:55:02Z,227704
2026-01-19T01:00:03Z,227620
2026-01-19T01:05:02Z,227117
2026-01-19T01:10:02Z,227468
2026-01-19T01:15:02Z,227841
2026-01-19T01:20:03Z,227509
2026-01-19T01:25:02Z,228074
2026-01-19T01:30:02Z,228406
2026-01-19T01:35:02Z,228615
2026-01-19T01:40:03Z,228807
2026-01-19T01:45:03Z,228992
2026-01-19T01:50:02Z,229034
2026-01-19T01:55:02Z,229174
2026-01-19T02:00:02Z,229300
2026-01-19T02:05:02Z,229192
2026-01-19T02:10:03Z,228830
2026-01-19T02:15:02Z,229065
2026-01-19T02:20:02Z,229568
2026-01-19T02:25:02Z,229757
2026-01-19T02:30:03Z,229478
2026-01-19T02:35:03Z,229159
2026-01-19T02:40:02Z,228491
2026-01-19T02:45:02Z,228516
2026-01-19T02:50:02Z,228121
2026-01-19T02:55:03Z,227416
2026-01-19T03:00:03Z,226763
2026-01-19T03:05:03Z,225306
2026-01-19T03:10:02Z,224280
2026-01-19T03:15:03Z,223882
2026-01-19T03:20:04Z,223363
2026-01-19T03:25:03Z,222533
2026-01-19T03:30:02Z,221969
2026-01-19T03:35:02Z,221691
2026-01-19T03:40:02Z,220436
2026-01-19T03:45:02Z,220218
2026-01-19T03:50:02Z,219339
2026-01-19T03:55:02Z,218471
2026-01-19T04:00:03Z,217919
2026-01-19T04:05:02Z,216747
2026-01-19T04:10:03Z,215784
2026-01-19T04:15:03Z,214868
2026-01-19T04:20:03Z,213281
2026-01-19T04:25:02Z,212383
2026-01-19T04:30:02Z,211267
2026-01-19T04:35:03Z,209675
2026-01-19T04:40:03Z,208951
2026-01-19T04:45:02Z,207638
2026-01-19T04:50:02Z,206071
2026-01-19T04:55:02Z,204929
2026-01-19T05:00:03Z,203305
2026-01-19T05:05:03Z,201655
2026-01-19T05:10:02Z,200367
2026-01-19T05:15:02Z,198937
2026-01-19T05:20:02Z,197702
2026-01-19T05:25:02Z,196307
2026-01-19T05:30:03Z,195078
2026-01-19T05:35:02Z,193880
2026-01-19T05:40:02Z,192334
2026-01-19T05:45:02Z,191135
2026-01-19T05:50:03Z,190278
2026-01-19T05:55:03Z,188848
2026-01-19T06:00:03Z,187989
2026-01-19T06:05:02Z,186839
2026-01-19T06:10:03Z,185726
2026-01-19T06:15:03Z,184649
2026-01-19T06:20:03Z,183708
2026-01-19T06:25:03Z,182523
2026-01-19T06:30:03Z,181553
2026-01-19T06:35:02Z,180716
2026-01-19T06:40:03Z,179957
2026-01-19T06:45:03Z,178606
2026-01-19T06:50:03Z,178181
2026-01-19T06:55:03Z,177323
2026-01-19T07:00:02Z,176564
2026-01-19T07:05:03Z,175672
2026-01-19T07:10:03Z,175128
2026-01-19T07:15:02Z,174170
2026-01-19T07:20:02Z,173547
2026-01-19T07:25:02Z,173090
2026-01-19T07:30:03Z,172654
2026-01-19T07:35:03Z,172051
2026-01-19T07:40:02Z,171572
2026-01-19T07:45:02Z,170797
2026-01-19T07:50:02Z,170244
2026-01-19T07:55:03Z,169795
2026-01-19T08:00:04Z,169223
2026-01-19T08:05:03Z,169071
2026-01-19T08:10:03Z,168810
2026-01-19T08:15:02Z,168460
2026-01-19T08:20:02Z,167879
2026-01-19T08:25:03Z,167599
2026-01-19T08:30:03Z,167053
2026-01-19T08:35:03Z,167130
2026-01-19T08:40:03Z,166864
2026-01-19T08:45:02Z,166403
2026-01-19T08:50:02Z,166360
2026-01-19T08:55:02Z,166335
2026-01-19T09:00:03Z,166424
2026-01-19T09:05:02Z,166330
2026-01-19T09:10:03Z,166369
2026-01-19T09:15:02Z,166986
2026-01-19T09:20:02Z,166969
2026-01-19T09:25:03Z,167285
2026-01-19T09:30:03Z,167184
2026-01-19T09:35:03Z,167494
2026-01-19T09:40:02Z,167657
2026-01-19T09:45:02Z,167855
2026-01-19T09:50:02Z,167803
2026-01-19T09:55:03Z,167790
2026-01-19T10:00:02Z,167939
2026-01-19T10:05:02Z,167779
2026-01-19T10:10:03Z,167831
2026-01-19T10:15:03Z,167734
2026-01-19T10:20:02Z,167728
2026-01-19T10:25:02Z,168143
2026-01-19T10:30:03Z,168043
2026-01-19T10:35:02Z,167964
2026-01-19T10:40:02Z,168490
2026-01-19T10:45:03Z,168786
2026-01-19T10:50:03Z,168494
2026-01-19T10:55:02Z,167953
2026-01-19T11:00:03Z,167903
2026-01-19T11:05:02Z,167861
2026-01-19T11:10:02Z,167943
2026-01-19T11:15:03Z,168105
2026-01-19T11:20:03Z,168291
2026-01-19T11:25:02Z,167761
2026-01-19T11:30:02Z,167673
2026-01-19T11:35:03Z,167783
2026-01-19T11:40:03Z,168137
2026-01-19T11:45:02Z,168476
2026-01-19T11:50:03Z,168442
2026-01-19T11:55:03Z,168805
2026-01-19T12:00:02Z,169072
2026-01-19T12:05:03Z,169203
2026-01-19T12:10:02Z,169112
2026-01-19T12:15:03Z,169651
2026-01-19T12:20:02Z,169702
2026-01-19T12:25:02Z,170395
2026-01-19T12:30:02Z,170597
2026-01-19T12:35:03Z,170719
2026-01-19T12:40:03Z,171522
2026-01-19T12:45:03Z,172395
2026-01-19T12:50:02Z,172908
2026-01-19T12:55:02Z,173656
2026-01-19T13:00:03Z,173295
2026-01-19T13:05:03Z,174088
2026-01-19T13:10:02Z,175179
2026-01-19T13:15:03Z,175961
2026-01-19T13:20:03Z,176847
2026-01-19T13:25:02Z,178186
2026-01-19T13:30:03Z,178673
2026-01-19T13:35:02Z,179447
2026-01-19T13:40:02Z,180483
2026-01-19T13:45:03Z,181702
2026-01-19T13:50:02Z,182841
2026-01-19T13:55:02Z,184228
2026-01-19T14:00:03Z,185034
2026-01-19T14:05:03Z,185953
2026-01-19T14:10:03Z,187141
2026-01-19T14:15:02Z,188651
2026-01-19T14:20:02Z,189621
2026-01-19T14:25:03Z,190826
2026-01-19T14:30:03Z,191909
2026-01-19T14:35:02Z,192668
2026-01-19T14:40:03Z,194142
2026-01-19T14:45:02Z,195771
2026-01-19T14:50:02Z,197135
2026-01-19T14:55:02Z,197928
2026-01-19T15:00:03Z,198985
2026-01-19T15:05:03Z,199730
2026-01-19T15:10:03Z,200176
2026-01-19T15:15:03Z,200997
2026-01-19T15:20:03Z,202529
2026-01-19T15:25:03Z,202822
2026-01-19T15:30:02Z,203951
2026-01-19T15:35:02Z,204902
2026-01-19T15:40:03Z,206053
2026-01-19T15:45:03Z,207619
2026-01-19T15:50:02Z,208150
2026-01-19T15:55:03Z,209386
2026-01-19T16:00:03Z,209880
2026-01-19T16:05:04Z,210495
2026-01-19T16:10:03Z,211590
2026-01-19T16:15:03Z,212334
2026-01-19T16:20:02Z,212914
2026-01-19T16:25:03Z,213917
2026-01-19T16:30:03Z,214035
2026-01-19T16:35:02Z,214953
2026-01-19T16:40:03Z,215625
2026-01-19T16:45:02Z,216790
2026-01-19T16:50:03Z,217061
2026-01-19T16:55:03Z,217485
2026-01-19T17:00:03Z,217493
2026-01-19T17:05:03Z,217595
2026-01-19T17:10:02Z,217770
2026-01-19T17:15:02Z,218295
2026-01-19T17:20:03Z,218557
2026-01-19T17:25:02Z,219065
2026-01-19T17:30:03Z,219930
2026-01-19T17:35:03Z,220362
2026-01-19T17:40:02Z,220533
2026-01-19T17:45:03Z,220901
2026-01-19T17:50:03Z,222011
2026-01-19T17:55:03Z,222967
2026-01-19T18:00:02Z,224168
2026-01-19T18:05:02Z,225158
2026-01-19T18:10:03Z,226224
2026-01-19T18:15:03Z,227370
2026-01-19T18:20:03Z,228022
2026-01-19T18:25:03Z,229026
2026-01-19T18:30:03Z,230236
2026-01-19T18:35:03Z,231284
2026-01-19T18:40:03Z,232467
2026-01-19T18:45:03Z,233413
2026-01-19T18:50:03Z,233159
2026-01-19T18:55:02Z,234241
2026-01-19T19:00:03Z,234771
2026-01-19T19:05:03Z,235669
2026-01-19T19:10:02Z,236527
2026-01-19T19:15:03Z,237651
2026-01-19T19:20:03Z,238308
2026-01-19T19:25:03Z,239750
2026-01-19T19:30:03Z,240428
2026-01-19T19:35:03Z,241346
2026-01-19T19:40:02Z,241853
2026-01-19T19:45:03Z,242510
2026-01-19T19:50:03Z,242862
2026-01-19T19:55:03Z,243697
2026-01-19T20:00:03Z,243916
2026-01-19T20:05:03Z,244108
2026-01-19T20:10:03Z,244341
2026-01-19T20:15:03Z,244698
2026-01-19T20:20:03Z,245152
2026-01-19T20:25:02Z,245278
2026-01-19T20:30:02Z,244949
2026-01-19T20:35:02Z,244914
2026-01-19T20:40:02Z,245008
2026-01-19T20:45:03Z,246513
2026-01-19T20:50:03Z,246445
2026-01-19T20:55:03Z,245250
2026-01-19T21:00:03Z,244997
2026-01-19T21:05:02Z,244394
2026-01-19T21:10:03Z,243362
2026-01-19T21:15:02Z,243033
2026-01-19T21:20:02Z,242861
2026-01-19T21:25:02Z,241825
2026-01-19T21:30:03Z,241390
2026-01-19T21:35:03Z,240812
2026-01-19T21:40:03Z,240285
2026-01-19T21:45:03Z,240077
2026-01-19T21:50:03Z,239352
2026-01-19T21:55:03Z,238837
2026-01-19T22:00:04Z,237702
2026-01-19T22:05:02Z,236619
2026-01-19T22:10:02Z,235690
2026-01-19T22:15:02Z,235172
2026-01-19T22:20:03Z,234834
2026-01-19T22:25:02Z,234121
2026-01-19T22:30:02Z,233517
2026-01-19T22:35:02Z,233085
2026-01-19T22:40:03Z,232642
2026-01-19T22:45:03Z,232000
2026-01-19T22:50:03Z,231692
2026-01-19T22:55:02Z,230983
2026-01-19T23:00:02Z,230274
2026-01-19T23:05:04Z,229251
2026-01-19T23:10:03Z,228572
2026-01-19T23:15:03Z,228088
2026-01-19T23:20:03Z,227591
2026-01-19T23:25:02Z,227046
2026-01-19T23:30:04Z,226916
2026-01-19T23:35:02Z,225404
2026-01-19T23:40:02Z,224585
2026-01-19T23:45:02Z,224482
2026-01-19T23:50:03Z,224310
2026-01-19T23:55:02Z,224319
2026-01-20T00:00:04Z,223992
2026-01-20T00:05:03Z,223799
2026-01-20T00:10:02Z,223225
2026-01-20T00:15:03Z,223299
2026-01-20T00:20:03Z,223485
2026-01-20T00:25:03Z,223547
2026-01-20T00:30:02Z,222749
2026-01-20T00:35:03Z,222871
2026-01-20T00:40:03Z,223382
2026-01-20T00:45:03Z,223730
2026-01-20T00:50:03Z,223924
2026-01-20T00:55:03Z,224282
2026-01-20T01:00:03Z,224404
2026-01-20T01:05:02Z,224419
2026-01-20T01:10:03Z,224861
2026-01-20T01:15:03Z,225139
2026-01-20T01:20:03Z,225666
2026-01-20T01:25:03Z,224962
2026-01-20T01:30:02Z,225640
2026-01-20T01:35:03Z,225753
2026-01-20T01:40:02Z,226285
2026-01-20T01:45:02Z,226941
2026-01-20T01:50:02Z,227163
2026-01-20T01:55:03Z,227360
2026-01-20T02:00:03Z,227734
2026-01-20T02:05:03Z,227377
2026-01-20T02:10:02Z,227142
2026-01-20T02:15:02Z,227308
2026-01-20T02:20:02Z,226565
2026-01-20T02:25:02Z,226318
2026-01-20T02:30:02Z,226259
2026-01-20T02:35:03Z,225800
2026-01-20T02:40:03Z,225667
2026-01-20T02:45:02Z,225066
2026-01-20T02:50:03Z,224683
2026-01-20T02:55:02Z,223869
2026-01-20T03:00:02Z,223279
2026-01-20T03:05:02Z,222499
2026-01-20T03:10:03Z,222173
2026-01-20T03:15:03Z,221203
2026-01-20T03:20:03Z,220652
2026-01-20T03:25:02Z,220083
2026-01-20T03:30:02Z,219510
2026-01-20T03:35:02Z,218424
2026-01-20T03:40:03Z,217370
2026-01-20T03:45:02Z,216358
2026-01-20T03:50:02Z,215292
2026-01-20T03:55:02Z,214091
2026-01-20T04:00:02Z,212857
2026-01-20T04:05:02Z,210818
2026-01-20T04:10:02Z,209564
2026-01-20T04:15:03Z,208305
2026-01-20T04:20:03Z,206588
2026-01-20T04:25:03Z,204848
2026-01-20T04:30:03Z,203251
2026-01-20T04:35:03Z,199412
2026-01-20T04:40:03Z,198112
2026-01-20T04:45:03Z,197402
2026-01-20T04:50:02Z,196271
2026-01-20T04:55:02Z,195318
2026-01-20T05:00:03Z,194168
2026-01-20T05:05:03Z,192496
2026-01-20T05:10:02Z,191289
2026-01-20T05:15:02Z,190018
2026-01-20T05:20:03Z,189058
2026-01-20T05:25:03Z,187903
2026-01-20T05:30:02Z,186470
2026-01-20T05:35:02Z,185656
2026-01-20T05:40:02Z,184216
2026-01-20T05:45:03Z,183266
2026-01-20T05:50:02Z,181781
2026-01-20T05:55:02Z,180929
2026-01-20T06:00:02Z,179888
2026-01-20T06:05:02Z,178766
2026-01-20T06:10:03Z,177706
2026-01-20T06:15:02Z,176770
2026-01-20T06:20:02Z,176316
2026-01-20T06:25:03Z,175246
2026-01-20T06:30:03Z,174375
2026-01-20T06:35:02Z,173649
2026-01-20T06:40:02Z,172925
2026-01-20T06:45:03Z,172270
2026-01-20T06:50:02Z,171690
2026-01-20T06:55:03Z,170897
2026-01-20T07:00:03Z,170433
2026-01-20T07:05:02Z,169689
2026-01-20T07:10:02Z,168907
2026-01-20T07:15:02Z,168374
2026-01-20T07:20:03Z,167310
2026-01-20T07:25:02Z,166920
2026-01-20T07:30:02Z,166660
2026-01-20T07:35:02Z,166302
2026-01-20T07:40:02Z,165725
2026-01-20T07:45:03Z,165188
2026-01-20T07:50:03Z,164946
2026-01-20T07:55:03Z,164562
2026-01-20T08:00:02Z,164149
2026-01-20T08:05:02Z,163601
2026-01-20T08:10:03Z,163430
2026-01-20T08:15:02Z,163328
2026-01-20T08:20:03Z,162545
2026-01-20T08:25:02Z,162279
2026-01-20T08:30:04Z,161834
2026-01-20T08:35:03Z,161594
2026-01-20T08:40:02Z,161640
2026-01-20T08:45:03Z,161554
2026-01-20T08:50:03Z,161700
2026-01-20T08:55:03Z,161914
2026-01-20T09:00:02Z,161864
2026-01-20T09:05:02Z,162087
2026-01-20T09:10:02Z,162053
2026-01-20T09:15:02Z,162573
2026-01-20T09:20:02Z,162229
2026-01-20T09:25:02Z,162477
2026-01-20T09:30:03Z,162607
2026-01-20T09:35:03Z,160379
2026-01-20T09:40:03Z,160995
2026-01-20T09:45:02Z,161066
2026-01-20T09:50:03Z,161701
2026-01-20T09:55:03Z,161739
2026-01-20T10:00:03Z,161966
2026-01-20T10:05:02Z,162038
2026-01-20T10:10:02Z,161897
2026-01-20T10:15:02Z,162068
2026-01-20T10:20:03Z,162022
2026-01-20T10:25:03Z,162564
2026-01-20T10:30:02Z,162778
2026-01-20T10:35:02Z,162917
2026-01-20T10:40:02Z,161981
2026-01-20T10:45:02Z,162156
2026-01-20T10:50:02Z,161935
2026-01-20T10:55:03Z,161932
2026-01-20T11:00:02Z,161798
2026-01-20T11:05:03Z,162130
2026-01-20T11:10:03Z,162053
2026-01-20T11:15:02Z,162186
2026-01-20T11:20:03Z,162694
2026-01-20T11:25:02Z,163285
2026-01-20T11:30:03Z,163163
2026-01-20T11:35:03Z,163215
2026-01-20T11:40:03Z,163601
2026-01-20T11:45:02Z,162965
2026-01-20T11:50:03Z,163095
2026-01-20T11:55:03Z,162704
2026-01-20T12:00:04Z,162657
2026-01-20T12:05:03Z,162849
2026-01-20T12:10:03Z,163252
2026-01-20T12:15:03Z,164285
2026-01-20T12:20:02Z,164914
2026-01-20T12:25:02Z,165603
2026-01-20T12:30:03Z,166088
2026-01-20T12:35:02Z,166727
2026-01-20T12:40:02Z,165688
2026-01-20T12:45:03Z,166443
2026-01-20T12:50:03Z,167293
2026-01-20T12:55:03Z,167957
2026-01-20T13:00:03Z,168678
2026-01-20T13:05:03Z,169254
2026-01-20T13:10:02Z,170662
2026-01-20T13:15:03Z,171492
2026-01-20T13:20:03Z,172230
2026-01-20T13:25:02Z,173557
2026-01-20T13:30:02Z,174719
2026-01-20T13:35:03Z,176069
2026-01-20T13:40:02Z,177356
2026-01-20T13:45:02Z,178203
2026-01-20T13:50:02Z,178079
2026-01-20T13:55:02Z,178894
2026-01-20T14:00:03Z,178165
2026-01-20T14:05:02Z,179477
2026-01-20T14:10:02Z,179398
2026-01-20T14:15:02Z,180863
2026-01-20T14:20:02Z,182312
2026-01-20T14:25:02Z,183416
2026-01-20T14:30:02Z,184592
2026-01-20T14:35:02Z,185619
2026-01-20T14:40:02Z,186882
2026-01-20T14:45:03Z,188135
2026-01-20T14:50:03Z,189281
2026-01-20T14:55:03Z,190189
2026-01-20T15:00:03Z,190966
2026-01-20T15:05:02Z,191724
2026-01-20T15:10:02Z,192339
2026-01-20T15:15:02Z,193452
2026-01-20T15:20:03Z,194150
2026-01-20T15:25:03Z,194860
2026-01-20T15:30:02Z,195743
2026-01-20T15:35:03Z,196814
2026-01-20T15:40:03Z,198013
2026-01-20T15:45:03Z,198822
2026-01-20T15:50:03Z,199423
2026-01-20T15:55:03Z,200434
2026-01-20T16:00:03Z,200226
2026-01-20T16:05:03Z,200341
2026-01-20T16:10:03Z,201394
2026-01-20T16:15:03Z,202529
2026-01-20T16:20:02Z,203061
2026-01-20T16:25:02Z,204258
2026-01-20T16:30:03Z,202946
2026-01-20T16:35:03Z,203810
2026-01-20T16:40:02Z,204643
2026-01-20T16:45:03Z,205207
2026-01-20T16:50:03Z,205629
2026-01-20T16:55:03Z,205385
2026-01-20T17:00:02Z,205353
2026-01-20T17:05:02Z,205823
2026-01-20T17:10:03Z,206284
2026-01-20T17:15:03Z,207178
2026-01-20T17:20:04Z,207383
2026-01-20T17:25:03Z,207820
2026-01-20T17:30:02Z,207355
2026-01-20T17:35:03Z,208005
2026-01-20T17:40:03Z,209144
2026-01-20T17:45:03Z,210519
2026-01-20T17:50:03Z,211253
2026-01-20T17:55:03Z,211521
2026-01-20T18:00:03Z,211124
2026-01-20T18:05:03Z,211969
2026-01-20T18:10:03Z,213304
2026-01-20T18:15:03Z,214324
2026-01-20T18:20:03Z,215226
2026-01-20T18:25:03Z,216166
2026-01-20T18:30:03Z,217210
2026-01-20T18:35:03Z,217586
2026-01-20T18:40:03Z,218698
2026-01-20T18:45:03Z,219863
2026-01-20T18:50:03Z,220527
2026-01-20T18:55:03Z,219792
2026-01-20T19:00:02Z,220606
2026-01-20T19:05:02Z,221153
2026-01-20T19:10:03Z,221874
2026-01-20T19:15:03Z,222641
2026-01-20T19:20:03Z,223955
2026-01-20T19:25:02Z,224763
2026-01-20T19:30:03Z,225397
2026-01-20T19:35:03Z,225903
2026-01-20T19:40:02Z,226590
2026-01-20T19:45:03Z,227108
2026-01-20T19:50:03Z,227946
2026-01-20T19:55:03Z,228469
2026-01-20T20:00:03Z,228626
2026-01-20T20:05:03Z,229078
2026-01-20T20:10:03Z,229478
2026-01-20T20:15:02Z,230102
2026-01-20T20:20:02Z,230587
2026-01-20T20:25:03Z,230829
2026-01-20T20:30:02Z,231045
2026-01-20T20:35:03Z,231271
2026-01-20T20:40:03Z,231761
2026-01-20T20:45:03Z,231471
2026-01-20T20:50:03Z,231204
2026-01-20T20:55:02Z,230938
2026-01-20T21:00:03Z,230339
2026-01-20T21:05:03Z,230143
2026-01-20T21:10:02Z,229888
2026-01-20T21:15:03Z,229501
2026-01-20T21:20:03Z,229132
2026-01-20T21:25:03Z,228885
2026-01-20T21:30:03Z,227899
2026-01-20T21:35:03Z,227679
2026-01-20T21:40:02Z,227103
2026-01-20T21:45:02Z,226537
2026-01-20T21:50:02Z,225913
2026-01-20T21:55:03Z,225350
2026-01-20T22:00:02Z,222928
2026-01-20T22:05:03Z,222833
2026-01-20T22:10:03Z,221733
2026-01-20T22:15:03Z,221131
2026-01-20T22:20:03Z,220252
2026-01-20T22:25:02Z,219984
2026-01-20T22:30:02Z,218736
2026-01-20T22:35:02Z,218459
2026-01-20T22:40:02Z,217426
2026-01-20T22:45:03Z,217002
2026-01-20T22:50:03Z,216382
2026-01-20T22:55:03Z,215679
2026-01-20T23:00:03Z,215194
2026-01-20T23:05:02Z,214523
2026-01-20T23:10:02Z,213991
2026-01-20T23:15:02Z,213593
2026-01-20T23:20:02Z,213663
2026-01-20T23:25:02Z,213180
2026-01-20T23:30:02Z,212547
2026-01-20T23:35:02Z,212104
2026-01-20T23:40:02Z,212440
2026-01-20T23:45:02Z,212540
2026-01-20T23:50:03Z,212564
2026-01-20T23:55:02Z,212022
2026-01-21T00:00:03Z,211810
2026-01-21T00:05:02Z,210843
2026-01-21T00:10:03Z,211343
2026-01-21T00:15:04Z,211294
2026-01-21T00:20:03Z,211743
2026-01-21T00:25:03Z,211879
2026-01-21T00:30:03Z,212062
2026-01-21T00:35:02Z,212238
2026-01-21T00:40:02Z,212868
2026-01-21T00:45:02Z,213266
2026-01-21T00:50:02Z,213436
2026-01-21T00:55:02Z,213915
2026-01-21T01:00:03Z,213933
2026-01-21T01:05:03Z,214204
2026-01-21T01:10:03Z,214689
2026-01-21T01:15:03Z,215117
2026-01-21T01:20:02Z,215219
2026-01-21T01:25:03Z,215538
2026-01-21T01:30:03Z,215841
2026-01-21T01:35:03Z,216295
2026-01-21T01:40:03Z,216288
2026-01-21T01:45:03Z,216984
2026-01-21T01:50:03Z,217509
2026-01-21T01:55:02Z,218004
2026-01-21T02:00:02Z,217958
2026-01-21T02:05:02Z,217894
2026-01-21T02:10:02Z,217883
2026-01-21T02:15:03Z,217753
2026-01-21T02:20:02Z,217376
2026-01-21T02:25:02Z,217399
2026-01-21T02:30:03Z,216430
2026-01-21T02:35:02Z,216338
2026-01-21T02:40:02Z,216167
2026-01-21T02:45:03Z,215746
2026-01-21T02:50:03Z,215321
2026-01-21T02:55:02Z,214407
2026-01-21T03:00:02Z,213507
2026-01-21T03:05:02Z,212331
2026-01-21T03:10:03Z,211535
2026-01-21T03:15:03Z,210983
2026-01-21T03:20:03Z,210145
2026-01-21T03:25:02Z,209841
2026-01-21T03:30:03Z,208945
2026-01-21T03:35:02Z,208051
2026-01-21T03:40:03Z,207200
2026-01-21T03:45:03Z,206470
2026-01-21T03:50:02Z,205688
2026-01-21T03:55:02Z,204491
2026-01-21T04:00:02Z,203114
2026-01-21T04:05:02Z,201851
2026-01-21T04:10:02Z,200430
2026-01-21T04:15:03Z,199464
2026-01-21T04:20:02Z,198362
2026-01-21T04:25:02Z,197154
2026-01-21T04:30:03Z,195865
2026-01-21T04:35:02Z,194660
2026-01-21T04:40:02Z,193658
2026-01-21T04:45:02Z,192277
2026-01-21T04:50:02Z,190756
2026-01-21T04:55:03Z,189444
2026-01-21T05:00:03Z,188029
2026-01-21T05:05:02Z,186654
2026-01-21T05:10:04Z,185120
2026-01-21T05:15:02Z,183861
2026-01-21T05:20:03Z,182148
2026-01-21T05:25:02Z,180782
2026-01-21T05:30:02Z,179600
2026-01-21T05:35:02Z,177804
2026-01-21T05:40:02Z,176886
2026-01-21T05:45:02Z,175183
2026-01-21T05:50:02Z,173855
2026-01-21T05:55:02Z,172939
2026-01-21T06:00:03Z,171934
2026-01-21T06:05:02Z,171351
2026-01-21T06:10:03Z,170692
2026-01-21T06:15:03Z,169440
2026-01-21T06:20:03Z,168755
2026-01-21T06:25:03Z,167835
2026-01-21T06:30:03Z,166963
2026-01-21T06:35:02Z,166562
2026-01-21T06:40:03Z,165729
2026-01-21T06:45:03Z,164294
2026-01-21T06:50:03Z,163575
2026-01-21T06:55:03Z,162638
2026-01-21T07:00:02Z,161519
2026-01-21T07:05:02Z,160791
2026-01-21T07:10:02Z,160524
2026-01-21T07:15:02Z,160188
2026-01-21T07:20:02Z,158590
2026-01-21T07:25:02Z,158350
2026-01-21T07:30:02Z,157756
2026-01-21T07:35:02Z,157492
2026-01-21T07:40:02Z,157321
2026-01-21T07:45:03Z,156801
2026-01-21T07:50:03Z,156410
2026-01-21T07:55:03Z,156234
2026-01-21T08:00:03Z,155866
2026-01-21T08:05:03Z,155777
2026-01-21T08:10:03Z,155587
2026-01-21T08:15:03Z,155478
2026-01-21T08:20:03Z,155413
2026-01-21T08:25:03Z,154853
2026-01-21T08:30:02Z,154437
2026-01-21T08:35:03Z,154205
2026-01-21T08:40:03Z,154309
2026-01-21T08:45:03Z,153682
2026-01-21T08:50:03Z,154063
2026-01-21T08:55:03Z,153892
2026-01-21T09:00:03Z,154067
2026-01-21T09:05:03Z,154323
2026-01-21T09:10:03Z,154665
2026-01-21T09:15:03Z,154988
2026-01-21T09:20:03Z,155274
2026-01-21T09:25:03Z,155471
2026-01-21T09:30:03Z,155372
2026-01-21T09:35:03Z,154900
2026-01-21T09:40:02Z,154984
2026-01-21T09:45:02Z,155131
2026-01-21T09:50:02Z,155431
2026-01-21T09:55:03Z,155595
2026-01-21T10:00:03Z,154619
2026-01-21T10:05:03Z,155632
2026-01-21T10:10:02Z,155754
2026-01-21T10:15:03Z,156058
2026-01-21T10:20:03Z,156267
2026-01-21T10:25:03Z,156207
2026-01-21T10:30:02Z,155853
2026-01-21T10:35:02Z,155754
2026-01-21T10:40:03Z,155977
2026-01-21T10:45:03Z,156105
2026-01-21T10:50:03Z,153693
2026-01-21T10:55:02Z,152311
2026-01-21T11:00:03Z,151257
2026-01-21T11:05:03Z,147855
2026-01-21T11:10:02Z,147136
2026-01-21T11:15:02Z,143747
2026-01-21T11:20:02Z,141205
2026-01-21T11:25:02Z,135413
2026-01-21T11:30:02Z,109368
2026-01-21T11:35:02Z,32034
2026-01-21T11:40:03Z,46352
2026-01-21T11:45:02Z,55739
2026-01-21T11:50:03Z,62625
2026-01-21T11:55:02Z,67994
2026-01-21T12:00:03Z,72303
2026-01-21T12:05:02Z,75997
2026-01-21T12:10:02Z,79548
2026-01-21T12:15:02Z,82548
2026-01-21T12:20:03Z,85202
2026-01-21T12:25:03Z,87683
2026-01-21T12:30:03Z,90100
2026-01-21T12:35:02Z,91937
2026-01-21T12:40:03Z,93100
2026-01-21T12:45:02Z,95459
2026-01-21T12:50:02Z,96654
2026-01-21T12:55:03Z,99111
2026-01-21T13:00:02Z,101828
2026-01-21T13:05:02Z,105045
2026-01-21T13:10:03Z,108648
2026-01-21T13:15:02Z,112451
2026-01-21T13:20:03Z,115607
2026-01-21T13:25:03Z,118383
2026-01-21T13:30:03Z,121051
2026-01-21T13:35:02Z,123543
2026-01-21T13:40:03Z,126313
2026-01-21T13:45:03Z,128831
2026-01-21T13:50:03Z,130378
2026-01-21T13:55:03Z,131795
2026-01-21T14:00:02Z,133992
2026-01-21T14:05:02Z,135778
2026-01-21T14:10:02Z,138454
2026-01-21T14:15:02Z,140474
2026-01-21T14:20:03Z,142185
2026-01-21T14:25:02Z,144129
2026-01-21T14:30:03Z,145911
2026-01-21T14:35:02Z,146997
2026-01-21T14:40:02Z,149189
2026-01-21T14:45:02Z,150993
2026-01-21T14:50:03Z,152958
2026-01-21T14:55:03Z,155184
2026-01-21T15:00:03Z,156380
2026-01-21T15:05:02Z,158494
2026-01-21T15:10:02Z,160735
2026-01-21T15:15:03Z,162799
2026-01-21T15:20:02Z,164440
2026-01-21T15:25:02Z,164217
2026-01-21T15:30:02Z,160338
2026-01-21T15:35:03Z,160051
2026-01-21T15:40:03Z,160981
2026-01-21T15:45:03Z,161239
2026-01-21T15:50:03Z,160929
2026-01-21T15:55:03Z,159705
2026-01-21T16:00:03Z,156536
2026-01-21T16:05:02Z,133877
2026-01-21T16:10:02Z,45116
2026-01-21T16:15:02Z,74811
2026-01-21T16:20:02Z,92254
2026-01-21T16:25:02Z,105952
2026-01-21T16:30:03Z,115873
2026-01-21T16:35:02Z,124767
2026-01-21T16:40:02Z,132417
2026-01-21T16:45:02Z,138667
2026-01-21T16:50:03Z,144225
2026-01-21T16:55:02Z,148960
2026-01-21T17:00:03Z,152416
2026-01-21T17:05:03Z,155786
2026-01-21T17:10:03Z,159470
2026-01-21T17:15:03Z,162969
2026-01-21T17:20:02Z,165894
2026-01-21T17:25:02Z,168450
2026-01-21T17:30:02Z,170391
2026-01-21T17:35:02Z,172525
2026-01-21T17:40:03Z,174500
2026-01-21T17:45:03Z,176346
2026-01-21T17:50:03Z,177777
2026-01-21T17:55:03Z,179263
2026-01-21T18:00:03Z,180896
2026-01-21T18:05:02Z,180959
2026-01-21T18:10:03Z,182424
2026-01-21T18:15:03Z,184353
2026-01-21T18:20:03Z,185379
2026-01-21T18:25:03Z,186834
2026-01-21T18:30:03Z,187800
2026-01-21T18:35:03Z,188747
2026-01-21T18:40:03Z,190258
2026-01-21T18:45:02Z,191533
2026-01-21T18:50:02Z,192851
2026-01-21T18:55:02Z,193744
2026-01-21T19:00:03Z,193889
2026-01-21T19:05:02Z,194797
2026-01-21T19:10:02Z,195548
2026-01-21T19:15:03Z,196218
2026-01-21T19:20:03Z,197539
2026-01-21T19:25:03Z,198027
2026-01-21T19:30:02Z,198576
2026-01-21T19:35:02Z,199669
2026-01-21T19:40:03Z,200451
2026-01-21T19:45:03Z,201199
2026-01-21T19:50:03Z,200776
2026-01-21T19:55:02Z,201119
2026-01-21T20:00:03Z,201519
2026-01-21T20:05:03Z,201870
2026-01-21T20:10:03Z,202461
2026-01-21T20:15:02Z,203341
2026-01-21T20:20:02Z,204234
2026-01-21T20:25:02Z,204502
2026-01-21T20:30:02Z,204450
2026-01-21T20:35:03Z,204664
2026-01-21T20:40:03Z,205276
2026-01-21T20:45:03Z,205480
2026-01-21T20:50:03Z,205658
2026-01-21T20:55:03Z,205505
2026-01-21T21:00:03Z,204886
2026-01-21T21:05:03Z,204502
2026-01-21T21:10:03Z,204844
2026-01-21T21:15:03Z,204965
2026-01-21T21:20:03Z,205000
2026-01-21T21:25:02Z,205046
2026-01-21T21:30:02Z,204735
2026-01-21T21:35:03Z,204187
2026-01-21T21:40:03Z,204104
2026-01-21T21:45:02Z,201773
2026-01-21T21:50:02Z,201672
2026-01-21T21:55:02Z,200756
2026-01-21T22:00:02Z,199887
2026-01-21T22:05:02Z,199113
2026-01-21T22:10:02Z,198353
2026-01-21T22:15:02Z,198957
2026-01-21T22:20:02Z,198599
2026-01-21T22:25:03Z,197431
2026-01-21T22:30:03Z,196132
2026-01-21T22:35:03Z,195988
2026-01-21T22:40:03Z,195948
2026-01-21T22:45:03Z,195541
2026-01-21T22:50:03Z,195223
2026-01-21T22:55:03Z,194674
2026-01-21T23:00:03Z,193965
2026-01-21T23:05:02Z,193744
2026-01-21T23:10:02Z,193159
2026-01-21T23:15:02Z,192907
2026-01-21T23:20:02Z,192853
2026-01-21T23:25:02Z,192884
2026-01-21T23:30:04Z,192697
2026-01-21T23:35:03Z,192726
2026-01-21T23:40:03Z,192716
2026-01-21T23:45:03Z,193076
2026-01-21T23:50:03Z,193515
2026-01-21T23:55:03Z,193838
2026-01-22T00:00:03Z,193977
2026-01-22T00:05:03Z,194028
2026-01-22T00:10:03Z,193992
2026-01-22T00:15:03Z,194549
2026-01-22T00:20:03Z,194888
2026-01-22T00:25:03Z,195377
2026-01-22T00:30:03Z,195595
2026-01-22T00:35:03Z,195995
2026-01-22T00:40:03Z,196457
2026-01-22T00:45:02Z,196832
2026-01-22T00:50:02Z,197348
2026-01-22T00:55:02Z,197468
2026-01-22T01:00:02Z,197719
2026-01-22T01:05:03Z,197980
2026-01-22T01:10:02Z,198245
2026-01-22T01:15:03Z,198669
2026-01-22T01:20:03Z,198157
2026-01-22T01:25:02Z,198355
2026-01-22T01:30:02Z,198847
2026-01-22T01:35:02Z,199160
2026-01-22T01:40:03Z,199812
2026-01-22T01:45:03Z,200216
2026-01-22T01:50:03Z,200775
2026-01-22T01:55:04Z,201050
2026-01-22T02:00:03Z,201142
2026-01-22T02:05:02Z,201025
2026-01-22T02:10:02Z,200781
2026-01-22T02:15:02Z,200980
2026-01-22T02:20:03Z,200976
2026-01-22T02:25:03Z,199310
2026-01-22T02:30:02Z,199333
2026-01-22T02:35:02Z,198729
2026-01-22T02:40:02Z,198437
2026-01-22T02:45:03Z,198323
2026-01-22T02:50:03Z,198289
2026-01-22T02:55:02Z,197852
2026-01-22T03:00:02Z,197101
2026-01-22T03:05:02Z,196011
2026-01-22T03:10:02Z,195050
2026-01-22T03:15:02Z,194664
2026-01-22T03:20:02Z,194136
2026-01-22T03:25:03Z,193351
2026-01-22T03:30:03Z,192607
2026-01-22T03:35:02Z,191716
2026-01-22T03:40:02Z,190844
2026-01-22T03:45:03Z,189886
2026-01-22T03:50:03Z,188852
2026-01-22T03:55:03Z,187758
2026-01-22T04:00:03Z,186591
2026-01-22T04:05:03Z,185415
2026-01-22T04:10:02Z,183930
2026-01-22T04:15:02Z,182605
2026-01-22T04:20:02Z,181715
2026-01-22T04:25:03Z,180130
2026-01-22T04:30:03Z,178827
2026-01-22T04:35:02Z,177506
2026-01-22T04:40:02Z,176302
2026-01-22T04:45:03Z,175358
2026-01-22T04:50:03Z,173964
2026-01-22T04:55:03Z,172674
2026-01-22T05:00:03Z,171569
2026-01-22T05:05:02Z,169771
2026-01-22T05:10:02Z,168294
2026-01-22T05:15:02Z,167052
2026-01-22T05:20:03Z,165457
2026-01-22T05:25:03Z,164069
2026-01-22T05:30:03Z,162963
2026-01-22T05:35:03Z,161937
2026-01-22T05:40:03Z,160654
2026-01-22T05:45:03Z,159551
2026-01-22T05:50:02Z,158741
2026-01-22T05:55:03Z,157709
2026-01-22T06:00:02Z,156502
2026-01-22T06:05:02Z,155356
2026-01-22T06:10:02Z,154508
2026-01-22T06:15:02Z,153597
2026-01-22T06:20:02Z,152511
2026-01-22T06:25:03Z,151742
2026-01-22T06:30:02Z,151029
2026-01-22T06:35:02Z,150258
2026-01-22T06:40:03Z,149224
2026-01-22T06:45:03Z,148176
2026-01-22T06:50:03Z,147512
2026-01-22T06:55:03Z,146991
2026-01-22T07:00:03Z,146260
2026-01-22T07:05:03Z,145458
2026-01-22T07:10:02Z,145119
2026-01-22T07:15:03Z,144859
2026-01-22T07:20:03Z,144289
2026-01-22T07:25:02Z,143839
2026-01-22T07:30:03Z,143495
2026-01-22T07:35:02Z,142765
2026-01-22T07:40:03Z,142290
2026-01-22T07:45:03Z,142332
2026-01-22T07:50:04Z,141902
2026-01-22T07:55:02Z,141668
2026-01-22T08:00:02Z,141456
2026-01-22T08:05:02Z,141112
2026-01-22T08:10:03Z,141076
2026-01-22T08:15:03Z,140850
2026-01-22T08:20:02Z,140511
2026-01-22T08:25:02Z,140556
2026-01-22T08:30:02Z,139796
2026-01-22T08:35:02Z,139690
2026-01-22T08:40:03Z,139773
2026-01-22T08:45:03Z,139668
2026-01-22T08:50:03Z,139587
2026-01-22T08:55:03Z,139711
2026-01-22T09:00:03Z,138792
2026-01-22T09:05:02Z,138317
2026-01-22T09:10:03Z,139039
2026-01-22T09:15:02Z,139485
2026-01-22T09:20:03Z,139289
2026-01-22T09:25:02Z,139835
2026-01-22T09:30:03Z,140901
2026-01-22T09:35:03Z,142482
2026-01-22T09:40:03Z,142732
2026-01-22T09:45:03Z,141974
2026-01-22T09:50:03Z,139729
2026-01-22T09:55:02Z,140253
2026-01-22T10:00:03Z,140380
2026-01-22T10:05:03Z,140674
2026-01-22T10:10:03Z,141135
2026-01-22T10:15:03Z,140394
2026-01-22T10:20:04Z,138533
2026-01-22T10:25:03Z,138194
2026-01-22T10:30:02Z,137977
2026-01-22T10:35:03Z,137975
2026-01-22T10:40:03Z,137931
2026-01-22T10:45:03Z,138074
2026-01-22T10:50:03Z,138318
2026-01-22T10:55:02Z,138872
2026-01-22T11:00:02Z,139191
2026-01-22T11:05:02Z,138884
2026-01-22T11:10:02Z,139456
2026-01-22T11:15:02Z,139938
2026-01-22T11:20:03Z,140026
2026-01-22T11:25:03Z,140725
2026-01-22T11:30:03Z,140894
2026-01-22T11:35:02Z,141588
2026-01-22T11:40:03Z,142358
2026-01-22T11:45:03Z,142832
2026-01-22T11:50:03Z,143655
2026-01-22T11:55:03Z,143445
2026-01-22T12:00:03Z,140436
2026-01-22T12:05:03Z,140688
2026-01-22T12:10:02Z,141221
2026-01-22T12:15:02Z,141707
2026-01-22T12:20:02Z,141838
2026-01-22T12:25:03Z,142736
2026-01-22T12:30:03Z,142989
2026-01-22T12:35:03Z,142663
2026-01-22T12:40:03Z,143359
2026-01-22T12:45:02Z,143976
2026-01-22T12:50:02Z,144890
2026-01-22T12:55:02Z,145571
2026-01-22T13:00:03Z,146112
2026-01-22T13:05:03Z,147348
2026-01-22T13:10:03Z,148159
2026-01-22T13:15:03Z,149239
2026-01-22T13:20:03Z,150328
2026-01-22T13:25:02Z,150400
2026-01-22T13:30:03Z,150914
2026-01-22T13:35:03Z,151644
2026-01-22T13:40:03Z,153038
2026-01-22T13:45:03Z,154041
2026-01-22T13:50:02Z,155640
2026-01-22T13:55:02Z,156131
2026-01-22T14:00:02Z,155710
2026-01-22T14:05:02Z,158139
2026-01-22T14:10:02Z,159818
2026-01-22T14:15:02Z,161447
2026-01-22T14:20:02Z,162348
2026-01-22T14:25:02Z,163898
2026-01-22T14:30:03Z,164709
2026-01-22T14:35:03Z,165686
2026-01-22T14:40:02Z,166973
2026-01-22T14:45:02Z,168059
2026-01-22T14:50:02Z,168634
2026-01-22T14:55:02Z,169371
2026-01-22T15:00:02Z,169864
2026-01-22T15:05:02Z,170936
2026-01-22T15:10:03Z,172202
2026-01-22T15:15:03Z,173200
2026-01-22T15:20:03Z,174161
2026-01-22T15:25:03Z,174754
2026-01-22T15:30:02Z,175696
2026-01-22T15:35:02Z,176109
2026-01-22T15:40:03Z,176817
2026-01-22T15:45:02Z,177637
2026-01-22T15:50:03Z,178450
2026-01-22T15:55:03Z,179074
2026-01-22T16:00:03Z,179874
2026-01-22T16:05:03Z,181199
2026-01-22T16:10:02Z,182453
2026-01-22T16:15:02Z,183432
2026-01-22T16:20:03Z,184081
2026-01-22T16:25:02Z,184901
2026-01-22T16:30:02Z,185680
2026-01-22T16:35:02Z,186107
2026-01-22T16:40:03Z,186815
2026-01-22T16:45:02Z,187529
2026-01-22T16:50:03Z,188119
2026-01-22T16:55:03Z,188443
2026-01-22T17:00:03Z,188232
2026-01-22T17:05:03Z,188491
2026-01-22T17:10:03Z,188831
2026-01-22T17:15:02Z,189388
2026-01-22T17:20:03Z,190077
2026-01-22T17:25:03Z,190444
2026-01-22T17:30:03Z,190890
2026-01-22T17:35:03Z,191603
2026-01-22T17:40:03Z,192097
2026-01-22T17:45:02Z,192828
2026-01-22T17:50:03Z,193221
2026-01-22T17:55:02Z,193462
2026-01-22T18:00:03Z,194000
2026-01-22T18:05:02Z,194576
2026-01-22T18:10:02Z,195222
2026-01-22T18:15:02Z,196069
2026-01-22T18:20:02Z,196850
2026-01-22T18:25:02Z,197662
2026-01-22T18:30:03Z,198368
2026-01-22T18:35:02Z,198797
2026-01-22T18:40:03Z,198917
2026-01-22T18:45:03Z,199739
2026-01-22T18:50:03Z,200539
2026-01-22T18:55:02Z,201363
2026-01-22T19:00:02Z,201979
2026-01-22T19:05:03Z,202486
2026-01-22T19:10:03Z,203167
2026-01-22T19:15:02Z,203920
2026-01-22T19:20:02Z,204337
2026-01-22T19:25:03Z,205262
2026-01-22T19:30:03Z,205824
2026-01-22T19:35:02Z,206897
2026-01-22T19:40:02Z,205797
2026-01-22T19:45:02Z,207658
2026-01-22T19:50:03Z,208072
2026-01-22T19:55:02Z,208664
2026-01-22T20:00:03Z,208256
2026-01-22T20:05:03Z,208498
2026-01-22T20:10:02Z,208655
2026-01-22T20:15:03Z,209785
2026-01-22T20:20:03Z,209969
2026-01-22T20:25:02Z,210022
2026-01-22T20:30:03Z,210276
2026-01-22T20:35:03Z,210496
2026-01-22T20:40:02Z,210779
2026-01-22T20:45:03Z,210894
2026-01-22T20:50:03Z,210693
2026-01-22T20:55:02Z,210760
2026-01-22T21:00:03Z,210197
2026-01-22T21:05:02Z,209376
2026-01-22T21:10:03Z,209585
2026-01-22T21:15:02Z,209497
2026-01-22T21:20:03Z,208888
2026-01-22T21:25:02Z,208558
2026-01-22T21:30:02Z,208173
2026-01-22T21:35:02Z,207793
2026-01-22T21:40:02Z,207464
2026-01-22T21:45:02Z,207184
2026-01-22T21:50:03Z,206884
2026-01-22T21:55:03Z,205743
2026-01-22T22:00:02Z,204929
2026-01-22T22:05:02Z,203993
2026-01-22T22:10:02Z,203167
2026-01-22T22:15:02Z,202660
2026-01-22T22:20:02Z,202205
2026-01-22T22:25:03Z,201696
2026-01-22T22:30:03Z,200786
2026-01-22T22:35:03Z,200131
2026-01-22T22:40:03Z,199960
2026-01-22T22:45:03Z,199422
2026-01-22T22:50:03Z,198766
2026-01-22T22:55:02Z,198499
2026-01-22T23:00:02Z,197782
2026-01-22T23:05:03Z,195841
2026-01-22T23:10:03Z,195436
2026-01-22T23:15:03Z,195550
2026-01-22T23:20:03Z,195241
2026-01-22T23:25:03Z,194846
2026-01-22T23:30:03Z,194963
2026-01-22T23:35:03Z,194792
2026-01-22T23:40:03Z,195933
2026-01-22T23:45:03Z,195635
2026-01-22T23:50:03Z,195769
2026-01-22T23:55:02Z,194163
2026-01-23T00:00:04Z,193610
2026-01-23T00:05:02Z,193240
2026-01-23T00:10:03Z,193321
2026-01-23T00:15:03Z,193457
2026-01-23T00:20:03Z,193626
2026-01-23T00:25:02Z,193668
2026-01-23T00:30:02Z,193984
2026-01-23T00:35:02Z,194482
2026-01-23T00:40:03Z,194753
2026-01-23T00:45:04Z,195455
2026-01-23T00:50:02Z,195591
2026-01-23T00:55:03Z,195724
2026-01-23T01:00:02Z,196082
2026-01-23T01:05:02Z,196098
2026-01-23T01:10:02Z,196325
2026-01-23T01:15:02Z,196869
2026-01-23T01:20:03Z,197251
2026-01-23T01:25:03Z,197683
2026-01-23T01:30:02Z,197810
2026-01-23T01:35:03Z,197626
2026-01-23T01:40:03Z,198514
2026-01-23T01:45:03Z,198944
2026-01-23T01:50:03Z,198966
2026-01-23T01:55:03Z,197553
2026-01-23T02:00:03Z,197637
2026-01-23T02:05:02Z,197570
2026-01-23T02:10:03Z,198310
2026-01-23T02:15:03Z,198328
2026-01-23T02:20:02Z,198601
2026-01-23T02:25:02Z,198609
2026-01-23T02:30:02Z,198572
2026-01-23T02:35:02Z,198393
2026-01-23T02:40:02Z,197736
2026-01-23T02:45:02Z,197505
2026-01-23T02:50:03Z,197204
2026-01-23T02:55:03Z,196710
2026-01-23T03:00:03Z,196466
2026-01-23T03:05:03Z,195931
2026-01-23T03:10:03Z,195284
2026-01-23T03:15:03Z,195134
2026-01-23T03:20:03Z,194502
2026-01-23T03:25:03Z,193945
2026-01-23T03:30:03Z,193331
2026-01-23T03:35:03Z,192692
2026-01-23T03:40:03Z,191836
2026-01-23T03:45:02Z,191068
2026-01-23T03:50:02Z,190150
2026-01-23T03:55:03Z,188989
2026-01-23T04:00:03Z,187836
2026-01-23T04:05:03Z,186676
2026-01-23T04:10:03Z,185634
2026-01-23T04:15:03Z,184185
2026-01-23T04:20:02Z,183604
2026-01-23T04:25:02Z,182575
2026-01-23T04:30:02Z,181537
2026-01-23T04:35:02Z,180542
2026-01-23T04:40:03Z,179275
2026-01-23T04:45:02Z,178172
2026-01-23T04:50:02Z,177032
2026-01-23T04:55:02Z,175818
2026-01-23T05:00:03Z,174670
2026-01-23T05:05:02Z,172986
2026-01-23T05:10:02Z,171113
2026-01-23T05:15:03Z,169777
2026-01-23T05:20:02Z,168567
2026-01-23T05:25:03Z,167274
2026-01-23T05:30:03Z,165971
2026-01-23T05:35:03Z,164725
2026-01-23T05:40:03Z,163673
2026-01-23T05:45:02Z,162261
2026-01-23T05:50:03Z,161302
2026-01-23T05:55:03Z,160173
2026-01-23T06:00:03Z,159008
2026-01-23T06:05:03Z,157941
2026-01-23T06:10:03Z,156790
2026-01-23T06:15:03Z,156271
2026-01-23T06:20:03Z,155700
2026-01-23T06:25:03Z,155003
2026-01-23T06:30:03Z,154243
2026-01-23T06:35:02Z,153561
2026-01-23T06:40:03Z,152881
2026-01-23T06:45:03Z,151890
2026-01-23T06:50:02Z,151566
2026-01-23T06:55:02Z,150996
2026-01-23T07:00:03Z,150127
2026-01-23T07:05:03Z,149448
2026-01-23T07:10:03Z,149409
2026-01-23T07:15:02Z,148897
2026-01-23T07:20:02Z,148210
2026-01-23T07:25:03Z,147893
2026-01-23T07:30:03Z,147528
2026-01-23T07:35:03Z,146191
2026-01-23T07:40:03Z,145816
2026-01-23T07:45:03Z,145626
2026-01-23T07:50:02Z,145222
2026-01-23T07:55:03Z,144449
2026-01-23T08:00:03Z,143946
2026-01-23T08:05:02Z,143430
2026-01-23T08:10:03Z,143448
2026-01-23T08:15:03Z,143613
2026-01-23T08:20:03Z,143592
2026-01-23T08:25:03Z,143508
2026-01-23T08:30:02Z,143059
2026-01-23T08:35:03Z,143256
2026-01-23T08:40:02Z,143461
2026-01-23T08:45:02Z,143571
2026-01-23T08:50:03Z,140735
2026-01-23T08:55:03Z,141224
2026-01-23T09:00:03Z,141621
2026-01-23T09:05:03Z,141489
2026-01-23T09:10:03Z,140871
2026-01-23T09:15:03Z,141633
2026-01-23T09:20:03Z,142039
2026-01-23T09:25:03Z,142371
2026-01-23T09:30:03Z,139647
2026-01-23T09:35:03Z,140122
2026-01-23T09:40:03Z,138781
2026-01-23T09:45:02Z,139692
2026-01-23T09:50:02Z,139304
2026-01-23T09:55:02Z,140038
2026-01-23T10:00:02Z,140655
2026-01-23T10:05:03Z,141042
2026-01-23T10:10:03Z,141710
2026-01-23T10:15:03Z,142973
2026-01-23T10:20:02Z,143197
2026-01-23T10:25:02Z,144097
2026-01-23T10:30:02Z,143843
2026-01-23T10:35:03Z,143860
2026-01-23T10:40:03Z,143948
2026-01-23T10:45:02Z,143967
2026-01-23T10:50:03Z,143957
2026-01-23T10:55:02Z,142850
2026-01-23T11:00:03Z,142896
2026-01-23T11:05:03Z,143069
2026-01-23T11:10:03Z,143180
2026-01-23T11:15:03Z,143457
2026-01-23T11:20:02Z,143929
2026-01-23T11:25:02Z,144355
2026-01-23T11:30:02Z,143961
2026-01-23T11:35:02Z,144525
2026-01-23T11:40:02Z,145032
2026-01-23T11:45:03Z,145598
2026-01-23T11:50:02Z,145788
2026-01-23T11:55:03Z,145792
2026-01-23T12:00:03Z,146003
2026-01-23T12:05:02Z,146255
2026-01-23T12:10:02Z,147225
2026-01-23T12:15:02Z,148104
2026-01-23T12:20:02Z,148917
2026-01-23T12:25:02Z,149434
2026-01-23T12:30:03Z,147017
2026-01-23T12:35:03Z,142721
2026-01-23T12:40:03Z,143189
2026-01-23T12:45:03Z,144522
2026-01-23T12:50:02Z,145440
2026-01-23T12:55:02Z,145996
2026-01-23T13:00:02Z,146471
2026-01-23T13:05:03Z,147299
2026-01-23T13:10:03Z,148610
2026-01-23T13:15:02Z,147543
2026-01-23T13:20:03Z,149163
2026-01-23T13:25:02Z,147191
2026-01-23T13:30:03Z,148446
2026-01-23T13:35:02Z,149881
2026-01-23T13:40:02Z,151357
2026-01-23T13:45:03Z,153264
2026-01-23T13:50:03Z,155182
2026-01-23T13:55:03Z,156325
2026-01-23T14:00:04Z,157444
2026-01-23T14:05:03Z,159107
2026-01-23T14:10:03Z,160435
2026-01-23T14:15:03Z,161641
2026-01-23T14:20:02Z,163360
2026-01-23T14:25:02Z,164137
2026-01-23T14:30:02Z,165189
2026-01-23T14:35:02Z,166490
2026-01-23T14:40:02Z,167861
2026-01-23T14:45:02Z,169080
2026-01-23T14:50:02Z,170037
2026-01-23T14:55:02Z,170686
2026-01-23T15:00:03Z,171422
2026-01-23T15:05:03Z,172498
2026-01-23T15:10:02Z,172842
2026-01-23T15:15:03Z,174049
2026-01-23T15:20:02Z,174514
2026-01-23T15:25:02Z,175386
2026-01-23T15:30:03Z,175479
2026-01-23T15:35:02Z,176402
2026-01-23T15:40:02Z,177360
2026-01-23T15:45:02Z,178065
2026-01-23T15:50:03Z,178768
2026-01-23T15:55:03Z,178871
2026-01-23T16:00:03Z,179127
2026-01-23T16:05:02Z,179414
2026-01-23T16:10:03Z,179998
2026-01-23T16:15:02Z,180254
2026-01-23T16:20:02Z,180608
2026-01-23T16:25:03Z,181119
2026-01-23T16:30:03Z,181250
2026-01-23T16:35:02Z,181963
2026-01-23T16:40:03Z,182404
2026-01-23T16:45:02Z,183074
2026-01-23T16:50:03Z,182498
2026-01-23T16:55:03Z,182307
2026-01-23T17:00:03Z,181356
2026-01-23T17:05:03Z,181304
2026-01-23T17:10:02Z,181721
2026-01-23T17:15:02Z,181810
2026-01-23T17:20:02Z,181972
2026-01-23T17:25:02Z,182641
2026-01-23T17:30:02Z,182936
2026-01-23T17:35:02Z,183045
2026-01-23T17:40:02Z,183652
2026-01-23T17:45:03Z,184273
2026-01-23T17:50:03Z,185011
2026-01-23T17:55:03Z,185582
2026-01-23T18:00:02Z,185689
2026-01-23T18:05:03Z,186502
2026-01-23T18:10:02Z,187066
2026-01-23T18:15:02Z,187736
2026-01-23T18:20:03Z,187849
2026-01-23T18:25:02Z,188784
2026-01-23T18:30:03Z,189059
2026-01-23T18:35:02Z,189634
2026-01-23T18:40:02Z,190402
2026-01-23T18:45:02Z,190777
2026-01-23T18:50:02Z,191462
2026-01-23T18:55:02Z,192535
2026-01-23T19:00:02Z,192788
2026-01-23T19:05:02Z,193252
2026-01-23T19:10:03Z,193469
2026-01-23T19:15:02Z,194361
2026-01-23T19:20:02Z,195388
2026-01-23T19:25:02Z,196713
2026-01-23T19:30:03Z,197340
2026-01-23T19:35:03Z,197875
2026-01-23T19:40:03Z,198821
2026-01-23T19:45:02Z,199659
2026-01-23T19:50:03Z,200094
2026-01-23T19:55:02Z,200451
2026-01-23T20:00:03Z,200611
2026-01-23T20:05:03Z,201311
2026-01-23T20:10:03Z,201889
2026-01-23T20:15:03Z,202500
2026-01-23T20:20:02Z,202914
2026-01-23T20:25:03Z,203173
2026-01-23T20:30:02Z,203421
2026-01-23T20:35:03Z,203977
2026-01-23T20:40:03Z,204184
2026-01-23T20:45:03Z,205075
2026-01-23T20:50:03Z,205286
2026-01-23T20:55:03Z,205181
2026-01-23T21:00:03Z,205168
2026-01-23T21:05:03Z,205438
2026-01-23T21:10:03Z,205296
2026-01-23T21:15:03Z,205614
2026-01-23T21:20:03Z,205301
2026-01-23T21:25:03Z,205051
2026-01-23T21:30:03Z,205241
2026-01-23T21:35:02Z,205100
2026-01-23T21:40:03Z,204979
2026-01-23T21:45:03Z,204897
2026-01-23T21:50:03Z,204354
2026-01-23T21:55:03Z,203991
2026-01-23T22:00:03Z,203298
2026-01-23T22:05:02Z,202575
2026-01-23T22:10:02Z,201946
2026-01-23T22:15:02Z,201764
2026-01-23T22:20:03Z,200118
2026-01-23T22:25:02Z,200520
2026-01-23T22:30:02Z,200136
2026-01-23T22:35:02Z,199873
2026-01-23T22:40:02Z,199422
2026-01-23T22:45:02Z,198814
2026-01-23T22:50:02Z,198309
2026-01-23T22:55:02Z,197617
2026-01-23T23:00:03Z,197043
2026-01-23T23:05:03Z,196639
2026-01-23T23:10:02Z,195960
2026-01-23T23:15:02Z,195822
2026-01-23T23:20:03Z,195420
2026-01-23T23:25:03Z,194792
2026-01-23T23:30:03Z,194292
2026-01-23T23:35:02Z,193242
2026-01-23T23:40:03Z,192977
2026-01-23T23:45:03Z,192721
2026-01-23T23:50:03Z,192420
2026-01-23T23:55:03Z,192273
2026-01-24T00:00:03Z,191543
2026-01-24T00:05:02Z,191298
2026-01-24T00:10:02Z,191079
2026-01-24T00:15:03Z,191048
2026-01-24T00:20:03Z,190627
2026-01-24T00:25:03Z,190211
2026-01-24T00:30:03Z,189498
2026-01-24T00:35:02Z,189130
2026-01-24T00:40:02Z,189433
2026-01-24T00:45:02Z,189464
2026-01-24T00:50:02Z,189720
2026-01-24T00:55:02Z,189607
2026-01-24T01:00:03Z,189598
2026-01-24T01:05:02Z,189704
